id,date,lat,lon,depth,mag,location
c40a067b-566f-4a22-a406-4f6f9814666d,2026-08-18T06:22:14,40.7678,29.0617,6.2,1.6,CINARCIK ACIKLARI-YALOVA (MARMARA DENIZI)
41914548-1e7a-409b-8774-67fade36ea0b,2026-08-18T06:26:40,40.785,29.0788,11.3,1.2,ADALAR (ISTANBUL)
cceade09-ff0f-45cf-8e15-189771faf4c5,2026-08-18T06:28:06,40.7733,29.0792,5.7,1.8,CINARCIK ACIKLARI-YALOVA (MARMARA DENIZI)
d3834aa7-1bbd-4dbb-8bf4-a28a26f11b3f,2026-08-18T06:40:04,40.8008,29.0172,10.7,1.5,CINARCIK ACIKLARI-YALOVA (MARMARA DENIZI)
afe08885-ce77-412f-a5df-6fdadf25361c,2026-08-18T07:04:12,40.7792,29.057,12,1.4,CINARCIK ACIKLARI-YALOVA (MARMARA DENIZI)
c16ab716-db68-4e1c-a773-bb456fd2bae9,2026-08-18T07:08:58,40.7833,29.0802,8.6,1.9,ADALAR (ISTANBUL)
0f685a43-146f-41f3-a365-861a1ac9da21,2026-08-18T09:00:26,40.7828,29.1293,11.2,1.8,ADALAR (ISTANBUL)
a304c171-4a7b-4bef-98d6-8a3bdb637f97,2026-08-18T09:03:44,40.7662,29.0952,12.8,1.4,CINARCIK ACIKLARI-YALOVA (MARMARA DENIZI)
7d7b2df3-8598-4e8a-a305-cdf5e1b5621a,2026-08-18T09:51:15,40.7843,29.0418,5.4,1.1,CINARCIK ACIKLARI-YALOVA (MARMARA DENIZI)
501af4f9-91c3-4d54-8f7e-96c27850af14,2026-08-18T10:40:03,40.7718,29.1268,20.6,1,ADALAR (ISTANBUL)
cacffd0f-65f4-4aa3-b53f-884a194e726e,2026-08-18T11:05:13,40.8348,29.157,11.2,0.8,ADALAR (ISTANBUL)
1a8fb7d4-3193-40ad-ab06-4e5d895ccee4,2026-08-18T13:01:10,40.829,29.1368,13.3,0.9,ADALAR (ISTANBUL)
db9df69a-c2d2-48af-aa2e-a8658b364793,2026-08-19T15:05:04,40.7692,29.093,20.5,1.9,CINARCIK ACIKLARI-YALOVA (MARMARA DENIZI)
4bd300df-8f40-4b19-8135-6d80997f1ecf,2026-08-19T16:08:18,40.7805,29.1123,5.8,2.4,ADALAR (ISTANBUL)
fbecfb96-3249-4abb-b825-c66740607aba,2026-08-19T16:10:16,40.8237,29.1467,12.5,1.2,ADALAR (ISTANBUL)
38d359b6-1df2-41d2-93d3-fda2d97cb550,2026-08-19T16:25:43,40.8018,29.1252,12.4,1.2,ADALAR (ISTANBUL)
c8afcf94-a0c1-4766-b176-901c06997703,2026-08-19T17:03:31,40.7717,29.1022,12.3,2.5,ADALAR (ISTANBUL)
351fdc86-0f45-43ee-9793-206cb695a4a1,2026-08-19T17:33:44,40.7773,29.1203,9.9,2.3,ADALAR (ISTANBUL)
24612f26-acee-4468-b40b-e3375dec2a12,2026-08-19T17:43:46,40.7785,29.1037,11.4,3.2,ADALAR (ISTANBUL)
3af68709-4007-4649-8a29-7656cd5f5377,2026-08-19T18:13:47,40.768,29.1123,8,2.3,ADALAR (ISTANBUL)
8dd66e51-c0f2-4461-886c-2f6a656ce6a1,2026-08-19T18:18:43,40.7665,29.1027,12.7,1.5,ADALAR (ISTANBUL)
4e4f4b82-57b2-4777-a995-c88afc7e49bd,2026-08-19T18:26:19,40.7797,29.0507,17.3,1.4,CINARCIK ACIKLARI-YALOVA (MARMARA DENIZI)
315cf5e7-b80f-4ca8-ad2e-bbe0bb5919aa,2026-08-19T18:42:56,40.7752,29.0992,10.1,1.6,ADALAR (ISTANBUL)
8e355dde-9d21-43b5-9f7c-1f2ef07224ca,2026-08-19T19:11:40,40.7687,29.1137,9.2,1.5,ADALAR (ISTANBUL)
bfb76ec5-28b8-433e-bb5e-6d1e0ff0a10a,2026-08-19T19:17:26,40.7803,29.1102,10.1,2.7,ADALAR (ISTANBUL)
20aa3eb7-c6ef-450c-9308-7169330cc337,2026-08-19T19:21:56,40.7717,29.0923,8.8,1.8,CINARCIK ACIKLARI-YALOVA (MARMARA DENIZI)
a0937122-b23f-43fb-85da-154be500a919,2026-08-19T19:28:12,40.7717,29.0918,12.4,1.3,CINARCIK ACIKLARI-YALOVA (MARMARA DENIZI)
633c4450-e1cd-48bf-9508-a915610ae164,2026-08-19T19:32:19,40.7707,29.0817,8.8,1.1,CINARCIK ACIKLARI-YALOVA (MARMARA DENIZI)
9d1fd5a6-73e9-48a8-9c0b-2e69352d9bbf,2026-08-19T19:47:09,40.7697,29.0927,12.3,1.4,CINARCIK ACIKLARI-YALOVA (MARMARA DENIZI)
0b3caa07-513a-44e5-b3a8-69e1e86b99b2,2026-08-19T19:48:27,40.7813,29.0877,11.8,1.5,ADALAR (ISTANBUL)
09c4dca7-9901-4557-a538-7662d0e22e50,2026-08-19T20:02:55,40.7722,29.0825,10.6,1.7,CINARCIK ACIKLARI-YALOVA (MARMARA DENIZI)
b1019061-cb93-4baa-b67f-8a7f24204403,2026-08-19T20:04:58,40.7745,29.1035,4.4,2.2,ADALAR (ISTANBUL)
4936fab1-852b-44b5-ba7c-1d68ef67cfad,2026-08-19T20:21:24,40.7725,29.1085,10.2,1.2,ADALAR (ISTANBUL)
a2dd47fe-2a91-4366-8b4a-dfce344eb02c,2026-08-19T20:51:16,40.7883,29.0863,13.6,1.2,ADALAR (ISTANBUL)
7b8a46b2-52a3-4be4-84da-e68409f26042,2026-08-19T20:58:26,40.7725,29.1003,11.2,2.5,ADALAR (ISTANBUL)
104c6b4f-069e-45bc-b0f4-18f8be40eb32,2026-08-19T21:09:39,40.7785,29.0973,12.1,2,ADALAR (ISTANBUL)
e8d0a6b7-54e4-43be-b755-dfec6b7acc5b,2026-08-19T21:36:04,40.7747,29.0915,9.3,2,ADALAR (ISTANBUL)
de3bcbd9-d6c6-4f90-8521-0cbb22aa79a0,2026-08-19T22:14:38,40.787,29.1043,12.4,1.2,ADALAR (ISTANBUL)
a42e877f-51b9-45e3-a90b-8a620cc1b778,2026-08-19T22:28:51,40.7652,29.1137,7.9,1.5,ADALAR (ISTANBUL)
a9e51ce7-0b4e-4952-8f74-0ca8747d86ae,2026-08-19T22:51:58,40.756,29.1195,9.5,1.9,KORU-CINARCIK (YALOVA)
af10c687-0ab8-467d-9bc2-eb16966aa8f4,2026-08-19T23:04:59,40.7792,29.0903,13.6,1.6,ADALAR (ISTANBUL)
45b4cc48-c14f-4ec6-a9c0-2f8526e643e1,2026-08-19T23:07:32,40.7557,29.1173,11.8,1.6,KORU-CINARCIK (YALOVA)
5fe80cf6-5cf4-4484-9709-ea33f1814043,2026-08-19T23:12:32,40.75,29.0765,11.6,1.1,CINARCIK ACIKLARI-YALOVA (MARMARA DENIZI)
176ef823-c524-4081-a66e-78c13245040d,2026-08-19T23:39:11,40.7817,29.0818,9,0.9,ADALAR (ISTANBUL)
c1713dd1-1211-47f3-a6cd-14a124bf0b2e,2026-08-19T23:42:11,40.7708,29.1112,7.6,1.5,ADALAR (ISTANBUL)
9c1d035e-97b6-4aed-b0ad-784930ab0d7c,2026-08-19T23:45:15,40.7792,29.0863,8,1.2,ADALAR (ISTANBUL)
b00deb52-5961-4765-8f5d-24e7246d2eea,2026-08-20T00:41:45,40.7758,29.0888,12.2,2.9,ADALAR (ISTANBUL)
8fe6f4b5-cbdb-470b-9085-a8f56dd451cf,2026-08-20T00:43:45,40.7767,29.1027,10.1,1.8,ADALAR (ISTANBUL)
ebb2c393-b461-4f04-a5d4-5bfb32912b9a,2026-08-20T01:08:10,40.7925,29.1162,12,1.2,ADALAR (ISTANBUL)
83e935fa-fbba-4435-b2f4-6a05a31ea1f9,2026-08-20T01:11:55,40.7927,29.0888,12.1,1.7,ADALAR (ISTANBUL)
1c747b15-c9db-4a91-ad75-5a0838eb01b5,2026-08-20T01:12:27,40.7773,29.1005,7.8,1.7,ADALAR (ISTANBUL)
f9a3ff4e-610d-45fd-b23d-69f8db246ba2,2026-08-20T01:18:46,40.78,29.1663,4.4,1,YALOVA ACIKLARI (MARMARA DENIZI)
1521608f-6126-4343-8cd0-a04b6098f3af,2026-08-20T01:23:00,40.7767,29.0952,9.2,1.6,ADALAR (ISTANBUL)
59b79d04-c32c-4ae0-978d-1d6c56f71f95,2026-08-20T01:28:24,40.7863,29.0845,9.1,1.5,ADALAR (ISTANBUL)
deb7bf65-2710-42d9-a8ad-d67587caa210,2026-08-20T01:32:23,40.7728,29.1068,8.5,1.7,ADALAR (ISTANBUL)
79c0e242-0163-4ae9-b51d-484caee7cc28,2026-08-20T01:32:47,40.7797,29.1005,7.3,1.8,ADALAR (ISTANBUL)
f2959d55-1767-4ff3-bd02-a83d02119957,2026-08-20T01:44:35,40.7728,29.0655,4.5,1.4,CINARCIK ACIKLARI-YALOVA (MARMARA DENIZI)
a084126a-be1b-4f9f-87dd-a2e83580f2af,2026-08-20T01:58:21,40.7813,29.0905,8.7,2.5,ADALAR (ISTANBUL)
f90923d2-62a2-4bc0-a4a3-d4bfb0401461,2026-08-20T02:18:29,40.777,29.0922,10.3,1.4,ADALAR (ISTANBUL)
b012358c-5eec-41c4-8030-9418622d9833,2026-08-20T02:31:41,40.7842,29.0872,10.9,1.8,ADALAR (ISTANBUL)
62e02aeb-22c3-44f5-b53a-aed7978c217a,2026-08-20T02:36:12,40.7782,29.0933,10.6,2,ADALAR (ISTANBUL)
58a40d17-2d9b-4a87-9eec-57488b10a6a4,2026-08-20T02:37:21,40.76,29.1052,12.1,1.5,CINARCIK ACIKLARI-YALOVA (MARMARA DENIZI)
35afe328-dc3e-4302-a60c-15bb603bda52,2026-08-20T02:45:37,40.7853,29.076,8.8,1.1,ADALAR (ISTANBUL)
10aee0cf-3665-4464-919a-7ee6015fcea0,2026-08-20T02:53:31,40.763,29.1117,4.5,1.1,ADALAR (ISTANBUL)
e8c18cd1-76d6-485b-b30d-92d6e430c48c,2026-08-20T02:38:36,40.793,29.0998,10,1.4,ADALAR (ISTANBUL)
c49483b7-15d0-4662-b31d-61af34ad5ab1,2026-08-20T03:03:25,40.7797,29.0817,8,1.6,CINARCIK ACIKLARI-YALOVA (MARMARA DENIZI)
04748754-58bb-4712-afb4-f1fa26dd2d15,2026-08-20T03:28:11,40.7932,29.1033,9.1,1.4,ADALAR (ISTANBUL)
c27dcffe-846b-4e3b-9462-c2c0e8634c87,2026-08-20T03:32:52,40.7897,29.0877,11.4,1.5,ADALAR (ISTANBUL)
928322d6-eba8-49ee-9564-11988ea9042f,2026-08-20T03:33:33,40.7772,29.1003,10.2,2.7,ADALAR (ISTANBUL)
cdbb247a-633a-41d9-aa22-4481194d45e1,2026-08-20T03:33:50,40.7945,29.118,4.7,1.5,ADALAR (ISTANBUL)
c6c76473-b99f-4e93-af7d-f1fbf6137c0a,2026-08-20T03:35:45,40.7845,29.0995,10.3,1.5,ADALAR (ISTANBUL)
f646270c-25ff-4f99-8e7e-e6c9f720ef52,2026-08-20T03:36:16,40.7838,29.0793,8.1,1.5,ADALAR (ISTANBUL)
43d95a26-e783-4005-adb7-d77a6e2bcbe7,2026-08-20T03:38:41,40.7857,29.085,11,1.6,ADALAR (ISTANBUL)
b995c1b7-d879-41c6-ae9c-52eec5ec6c2e,2026-08-20T03:40:00,40.7735,29.1028,8.6,1.9,ADALAR (ISTANBUL)
b236b81b-1fac-4c18-8ea8-5cc4ec38b8da,2026-08-20T03:41:43,40.7757,29.099,7.6,1.5,ADALAR (ISTANBUL)
e1350628-cf16-43c5-b4c7-9100d8bf6c28,2026-08-20T03:42:14,40.7933,29.1002,11,1.6,ADALAR (ISTANBUL)
86d53511-8b43-494d-809a-8304ab739be8,2026-08-20T03:44:21,40.782,29.116,11.9,1.5,ADALAR (ISTANBUL)
40c9171e-469b-4bf0-8325-4c1233ce5c8a,2026-08-20T03:45:39,40.7738,29.0957,8.9,2.5,ADALAR (ISTANBUL)
fbd8e358-69f5-4757-8c34-57342b8b427c,2026-08-20T04:31:38,40.7802,29.0938,10.5,2.8,ADALAR (ISTANBUL)
91c23bd3-ab61-4e47-8301-76d17d9bed90,2026-08-20T04:25:54,40.7813,29.1035,10.9,1.6,ADALAR (ISTANBUL)
cb94783d-4904-4b99-852b-f8cb15b59ca4,2026-08-20T04:24:12,40.779,29.089,9,1.6,ADALAR (ISTANBUL)
e4c921a8-70b0-40d7-97f5-d388038ee288,2026-08-20T04:22:08,40.7823,29.093,9.2,1.5,ADALAR (ISTANBUL)
04a5cb54-1cba-474b-9a2f-7770396a430e,2026-08-20T04:43:55,40.7732,29.1128,8.3,1.6,ADALAR (ISTANBUL)
e93ff484-13f7-4394-b7cb-45675489dd27,2026-08-20T04:42:09,40.7807,29.1018,7.1,1.4,ADALAR (ISTANBUL)
5ec7a4d9-4803-43c5-a4bf-0ecacf9daa40,2026-08-20T05:01:22,40.7807,29.0677,7.5,1.7,CINARCIK ACIKLARI-YALOVA (MARMARA DENIZI)
79fcd5d3-77bf-4d27-866b-b9c2c96fabaf,2026-08-20T04:54:35,40.7738,29.1173,10.4,1.2,ADALAR (ISTANBUL)
5eca01de-47bb-478d-bc9c-86080febdcb1,2026-08-20T04:43:17,40.8082,29.175,5,1.7,ADALAR (ISTANBUL)
2681b89f-2450-482e-8db5-85acdd146feb,2026-08-20T05:40:34,40.7795,29.1053,11.5,2.9,ADALAR (ISTANBUL)
b8e64824-4637-493f-b77e-83c72b0aae0a,2026-08-20T05:45:14,40.785,29.1072,9.5,1.7,ADALAR (ISTANBUL)
6e6992bb-7638-4a68-a770-6ffe71c8aede,2026-08-20T05:50:28,40.7807,29.0972,9.6,1.5,ADALAR (ISTANBUL)
f513dc98-0de7-41f1-86d5-e9833e314b83,2026-08-20T05:55:21,40.7875,29.1083,10.3,1.1,ADALAR (ISTANBUL)
cebb2f24-b998-47d1-a867-770754bc1e04,2026-08-20T05:56:54,40.7717,29.0878,8.9,1.1,CINARCIK ACIKLARI-YALOVA (MARMARA DENIZI)
31eb93f9-09af-4bd7-bd11-3db3f11fc44e,2026-08-20T06:19:50,40.7832,29.086,9.4,2,ADALAR (ISTANBUL)
559aadb3-8b04-4640-a843-04c750009adb,2026-08-20T07:18:08,40.7728,29.082,5.4,2.5,CINARCIK ACIKLARI-YALOVA (MARMARA DENIZI)
2c626588-53aa-4707-b291-b954df77072e,2026-08-20T07:26:06,40.7692,29.1483,5.4,1,YALOVA ACIKLARI (MARMARA DENIZI)
deec532f-3539-44b8-98a7-e31cb18938cc,2026-08-20T07:38:22,40.7847,29.0983,12.3,1.7,ADALAR (ISTANBUL)
7d8517b7-2f82-4e2c-a910-9eb8b4535240,2026-08-20T07:57:58,40.7878,29.0392,7.8,1,CINARCIK ACIKLARI-YALOVA (MARMARA DENIZI)
7305cc7f-f00c-4926-a057-0f52c2e670f6,2026-08-20T08:14:33,40.7772,29.0973,10.2,1.7,ADALAR (ISTANBUL)
